Ticker,Name,Sector,Asset class,Weight,CUSIP,ISIN,SEDOL
AAPL,APPLE INC,Information Technology,Equity,6.68,37833100,US0378331005,2046251
MSFT,MICROSOFT CORP,Information Technology,Equity,5.3,594918104,US5949181045,2588173
AMZN,AMAZON COM INC,Consumer Discretionary,Equity,4.38,23135106,US0231351067,2000019
FB,FACEBOOK CLASS A INC,Communication,Equity,2.07,30303M102,US30303M1027,B7TL820
TSLA,TESLA INC,Consumer Discretionary,Equity,1.69,88160R101,US88160R1014,B616C79
GOOGL,ALPHABET INC CLASS A,Communication,Equity,1.66,02079K305,US02079K3059,BYVY8G0
GOOG,ALPHABET INC CLASS C,Communication,Equity,1.6,02079K107,US02079K1079,BYY88Y7
BRK,BERKSHIRE HATHAWAY INC CLASS B,Financials,Equity,1.42,84670702,US0846707026,2073390
JNJ,JOHNSON & JOHNSON,Health Care,Equity,1.31,478160104,US4781601046,2475833
JPM,JPMORGAN CHASE & CO,Financials,Equity,1.22,46625H100,US46625H1005,2190385
V,VISA INC CLASS A,Information Technology,Equity,1.17,92826C839,US92826C8394,B2PZN04
PG,PROCTER & GAMBLE,Consumer Staples,Equity,1.09,742718109,US7427181091,2704407
UNH,UNITEDHEALTH GROUP INC,Health Care,Equity,1.05,91324P102,US91324P1021,2917766
DIS,WALT DISNEY,Communication,Equity,1.03,254687106,US2546871060,2270726
NVDA,NVIDIA CORP,Information Technology,Equity,1.02,67066G104,US67066G1040,2379504
MA,MASTERCARD INC CLASS A,Information Technology,Equity,0.99,57636Q104,US57636Q1040,B121557
HD,HOME DEPOT INC,Consumer Discretionary,Equity,0.9,437076102,US4370761029,2434209
PYPL,PAYPAL HOLDINGS INC,Information Technology,Equity,0.86,70450Y103,US70450Y1038,BYW36M8
VZ,VERIZON COMMUNICATIONS INC,Communication,Equity,0.77,92343V104,US92343V1044,2090571
ADBE,ADOBE INC,Information Technology,Equity,0.76,00724F101,US00724F1012,2008154
CMCSA,COMCAST CORP CLASS A,Communication,Equity,0.75,20030N101,US20030N1019,2044545
NFLX,NETFLIX INC,Communication,Equity,0.75,64110L106,US64110L1061,2857817
BAC,BANK OF AMERICA CORP,Financials,Equity,0.73,60505104,US0605051046,2295677
KO,COCA-COLA,Consumer Staples,Equity,0.67,191216100,US1912161007,2206657
MRK,MERCK & CO INC,Health Care,Equity,0.65,58933Y105,US58933Y1055,2778844
PEP,PEPSICO INC,Consumer Staples,Equity,0.65,713448108,US7134481081,2681511
T,AT&T INC,Communication,Equity,0.65,00206R102,US00206R1023,2831811
PFE,PFIZER INC,Health Care,Equity,0.64,717081103,US7170811035,2684703
INTC,INTEL CORPORATION CORP,Information Technology,Equity,0.64,458140100,US4581401001,2463247
CRM,SALESFORCE.COM INC,Information Technology,Equity,0.64,79466L302,US79466L3024,2310525
WMT,WALMART INC,Consumer Staples,Equity,0.63,931142103,US9311421039,2936921
ABT,ABBOTT LABORATORIES,Health Care,Equity,0.61,2824100,US0028241000,2002305
ABBV,ABBVIE INC,Health Care,Equity,0.6,00287Y109,US00287Y1091,B92SR70
CSCO,CISCO SYSTEMS INC,Information Technology,Equity,0.6,17275R102,US17275R1023,2198163
TMO,THERMO FISHER SCIENTIFIC INC,Health Care,Equity,0.58,883556102,US8835561023,2886907
NKE,NIKE INC CLASS B,Consumer Discretionary,Equity,0.56,654106103,US6541061031,2640147
AVGO,BROADCOM INC,Information Technology,Equity,0.56,11135F101,US11135F1012,BDZ78H9
XOM,EXXON MOBIL CORP,Energy,Equity,0.55,30231G102,US30231G1022,2326618
QCOM,QUALCOMM INC,Information Technology,Equity,0.54,747525103,US7475251036,2714923
COST,COSTCO WHOLESALE CORP,Consumer Staples,Equity,0.52,22160K105,US22160K1051,2701271
ACN,ACCENTURE PLC CLASS A,Information Technology,Equity,0.52,G1151C101,IE00B4BNMY34,B4BNMY3
CVX,CHEVRON CORP,Energy,Equity,0.51,166764100,US1667641005,2838555
MCD,MCDONALDS CORP,Consumer Discretionary,Equity,0.5,580135101,US5801351017,2550707
MDT,MEDTRONIC PLC,Health Care,Equity,0.5,G5960L103,IE00BTN1Y115,BTN1Y11
NEE,NEXTERA ENERGY INC,Utilities,Equity,0.48,65339F101,US65339F1012,2328915
TXN,TEXAS INSTRUMENT INC,Information Technology,Equity,0.47,882508104,US8825081040,2885409
HON,HONEYWELL INTERNATIONAL INC,Industrials,Equity,0.47,438516106,US4385161066,2020459
DHR,DANAHER CORP,Health Care,Equity,0.44,235851102,US2358511028,2250870
UNP,UNION PACIFIC CORP,Industrials,Equity,0.44,907818108,US9078181081,2914734
BMY,BRISTOL MYERS SQUIBB,Health Care,Equity,0.44,110122108,US1101221083,2126335
LIN,LINDE PLC,Materials,Equity,0.44,G5494J103,IE00BZ12WP82,BZ12WP8
LLY,ELI LILLY,Health Care,Equity,0.42,532457108,US5324571083,2516152
AMGN,AMGEN INC,Health Care,Equity,0.42,31162100,US0311621009,2023607
PM,PHILIP MORRIS INTERNATIONAL INC,Consumer Staples,Equity,0.41,718172109,US7181721090,B2PKRQ3
C,CITIGROUP INC,Financials,Equity,0.4,172967424,US1729674242,2297907
SBUX,STARBUCKS CORP,Consumer Discretionary,Equity,0.4,855244109,US8552441094,2842255
WFC,WELLS FARGO,Financials,Equity,0.39,949746101,US9497461015,2649100
ORCL,ORACLE CORP,Information Technology,Equity,0.39,68389X105,US68389X1054,2661568
UPS,UNITED PARCEL SERVICE INC CLASS B,Industrials,Equity,0.38,911312106,US9113121068,2517382
LOW,LOWES COMPANIES INC,Consumer Discretionary,Equity,0.37,548661107,US5486611073,2536763
BA,BOEING,Industrials,Equity,0.36,97023105,US0970231058,2108601
IBM,INTERNATIONAL BUSINESS MACHINES CO,Information Technology,Equity,0.35,459200101,US4592001014,2005973
AMD,ADVANCED MICRO DEVICES INC,Information Technology,Equity,0.35,7903107,US0079031078,2007849
RTX,RAYTHEON TECHNOLOGIES CORP,Industrials,Equity,0.34,7.5513E+105,US75513E1010,BM5M5Y3
NOW,SERVICENOW INC,Information Technology,Equity,0.34,81762P102,US81762P1021,B80NXX8
BLK,BLACKROCK INC,Financials,Equity,0.32,09247X101,US09247X1019,2494504
MMM,3M,Industrials,Equity,0.32,88579Y101,US88579Y1010,2595708
INTU,INTUIT INC,Information Technology,Equity,0.31,461202103,US4612021034,2459020
AMT,AMERICAN TOWER REIT CORP CLASS A,Real Estate,Equity,0.31,03027X100,US03027X1000,B7FBFL2
CAT,CATERPILLAR INC,Industrials,Equity,0.31,149123101,US1491231015,2180201
MS,MORGAN STANLEY,Financials,Equity,0.31,617446448,US6174464486,2262314
CHTR,CHARTER COMMUNICATIONS INC CLASS A,Communication,Equity,0.3,16119P108,US16119P1084,BZ6VT82
ISRG,INTUITIVE SURGICAL INC,Health Care,Equity,0.3,46120E602,US46120E6023,2871301
GE,GENERAL ELECTRIC,Industrials,Equity,0.3,369604103,US3696041033,2380498
BKNG,BOOKING HOLDINGS INC,Consumer Discretionary,Equity,0.29,09857L108,US09857L1089,BDRXDB4
GS,GOLDMAN SACHS GROUP INC,Financials,Equity,0.29,38141G104,US38141G1040,2407966
CVS,CVS HEALTH CORP,Health Care,Equity,0.28,126650100,US1266501006,2577609
TGT,TARGET CORP,Consumer Discretionary,Equity,0.28,8.7612E+110,US87612E1064,2259101
FIS,FIDELITY NATIONAL INFORMATION SERV,Information Technology,Equity,0.28,31620M106,US31620M1062,2769796
LMT,LOCKHEED MARTIN CORP,Industrials,Equity,0.28,539830109,US5398301094,2522096
DE,DEERE,Industrials,Equity,0.27,244199105,US2441991054,2261203
MU,MICRON TECHNOLOGY INC,Information Technology,Equity,0.26,595112103,US5951121038,2588184
MDLZ,MONDELEZ INTERNATIONAL INC CLASS A,Consumer Staples,Equity,0.26,609207105,US6092071058,B8CKK03
TJX,TJX INC,Consumer Discretionary,Equity,0.26,872540109,US8725401090,2989301
SYK,STRYKER CORP,Health Care,Equity,0.25,863667101,US8636671013,2853688
ANTM,ANTHEM INC,Health Care,Equity,0.25,36752103,US0367521038,BSPHGL4
SPGI,S&P GLOBAL INC,Financials,Equity,0.25,78409V104,US78409V1044,BYV2325
SCHW,CHARLES SCHWAB CORP,Financials,Equity,0.25,808513105,US8085131055,2779397
AXP,AMERICAN EXPRESS,Financials,Equity,0.25,25816109,US0258161092,2026082
AMAT,APPLIED MATERIAL INC,Information Technology,Equity,0.25,38222105,US0382221051,2046552
TMUS,T MOBILE US INC,Communication,Equity,0.25,872590104,US8725901040,B94Q9V0
ZTS,ZOETIS INC CLASS A,Health Care,Equity,0.25,98978V103,US98978V1035,B95WG16
MO,ALTRIA GROUP INC,Consumer Staples,Equity,0.24,02209S103,US02209S1033,2692632
ADP,AUTOMATIC DATA PROCESSING INC,Information Technology,Equity,0.24,53015103,US0530151036,2065308
CI,CIGNA CORP,Health Care,Equity,0.24,125523100,US1255231003,BHJ0775
PLD,PROLOGIS REIT INC,Real Estate,Equity,0.23,74340W103,US74340W1036,B44WZD7
CL,COLGATE-PALMOLIVE,Consumer Staples,Equity,0.23,194162103,US1941621039,2209106
GILD,GILEAD SCIENCES INC,Health Care,Equity,0.23,375558103,US3755581036,2369174
BDX,BECTON DICKINSON,Health Care,Equity,0.23,75887109,US0758871091,2087807
ATVI,ACTIVISION BLIZZARD INC,Communication,Equity,0.23,00507V109,US00507V1098,2575818
CB,CHUBB LTD,Financials,Equity,0.22,-,CH0044328745,B3BQMF6
CSX,CSX CORP,Industrials,Equity,0.22,126408103,US1264081035,2160753
CCI,CROWN CASTLE INTERNATIONAL REIT CO,Real Estate,Equity,0.22,22822V101,US22822V1017,BTGQCX1
LRCX,LAM RESEARCH CORP,Information Technology,Equity,0.21,512807108,US5128071082,2502247
DUK,DUKE ENERGY CORP,Utilities,Equity,0.21,26441C204,US26441C2044,B7VD3F2
ADSK,AUTODESK INC,Information Technology,Equity,0.21,52769106,US0527691069,2065159
FISV,FISERV INC,Information Technology,Equity,0.21,337738108,US3377381088,2342034
CME,CME GROUP INC CLASS A,Financials,Equity,0.21,12572Q105,US12572Q1058,2965839
SO,SOUTHERN,Utilities,Equity,0.2,842587107,US8425871071,2829601
ICE,INTERCONTINENTAL EXCHANGE INC,Financials,Equity,0.2,45866F104,US45866F1049,BFSSDS9
TFC,TRUIST FINANCIAL CORP,Financials,Equity,0.2,89832Q109,US89832Q1094,BKP7287
GPN,GLOBAL PAYMENTS INC,Information Technology,Equity,0.2,37940X102,US37940X1028,2712013
USB,US BANCORP,Financials,Equity,0.2,902973304,US9029733048,2736035
EQIX,EQUINIX REIT INC,Real Estate,Equity,0.2,29444U700,US29444U7000,BVLZX12
PNC,PNC FINANCIAL SERVICES GROUP INC,Financials,Equity,0.2,693475105,US6934751057,2692665
FDX,FEDEX CORP,Industrials,Equity,0.2,31428X106,US31428X1063,2142784
VRTX,VERTEX PHARMACEUTICALS INC,Health Care,Equity,0.19,92532F100,US92532F1003,2931034
D,DOMINION ENERGY INC,Utilities,Equity,0.19,25746U109,US25746U1097,2542049
NSC,NORFOLK SOUTHERN CORP,Industrials,Equity,0.19,655844108,US6558441084,2641894
APD,AIR PRODUCTS AND CHEMICALS INC,Materials,Equity,0.19,9158106,US0091581068,2011602
EL,ESTEE LAUDER INC CLASS A,Consumer Staples,Equity,0.19,518439104,US5184391044,2320524
SHW,SHERWIN WILLIAMS,Materials,Equity,0.19,824348106,US8243481061,2804211
MMC,MARSH & MCLENNAN INC,Financials,Equity,0.19,571748102,US5717481023,2567741
ITW,ILLINOIS TOOL INC,Industrials,Equity,0.19,452308109,US4523081093,2457552
PGR,PROGRESSIVE CORP,Financials,Equity,0.18,743315103,US7433151039,2705024
EW,EDWARDS LIFESCIENCES CORP,Health Care,Equity,0.18,2.8176E+112,US28176E1082,2567116
ADI,ANALOG DEVICES INC,Information Technology,Equity,0.17,32654105,US0326541051,2032067
HUM,HUMANA INC,Health Care,Equity,0.17,444859102,US4448591028,2445063
ILMN,ILLUMINA INC,Health Care,Equity,0.17,452327109,US4523271090,2613990
ECL,ECOLAB INC,Materials,Equity,0.17,278865100,US2788651006,2304227
GM,GENERAL MOTORS,Consumer Discretionary,Equity,0.17,37045V100,US37045V1008,B665KZ5
DD,DUPONT DE NEMOURS INC,Materials,Equity,0.16,26614N102,US26614N1028,BK0VN47
DG,DOLLAR GENERAL CORP,Consumer Discretionary,Equity,0.16,256677105,US2566771059,B5B1S13
BSX,BOSTON SCIENTIFIC CORP,Health Care,Equity,0.16,101137107,US1011371077,2113434
REGN,REGENERON PHARMACEUTICALS INC,Health Care,Equity,0.16,75886F107,US75886F1075,2730190
AON,AON PLC CLASS A,Financials,Equity,0.15,-,IE00BLP1HW54,BLP1HW5
NEM,NEWMONT,Materials,Equity,0.15,651639106,US6516391066,2636607
EMR,EMERSON ELECTRIC,Industrials,Equity,0.15,291011104,US2910111044,2313405
ETN,EATON PLC,Industrials,Equity,0.15,-,IE00B8KQN827,B8KQN82
NOC,NORTHROP GRUMMAN CORP,Industrials,Equity,0.15,666807102,US6668071029,2648806
MCO,MOODYS CORP,Financials,Equity,0.15,615369105,US6153691059,2252058
KMB,KIMBERLY CLARK CORP,Consumer Staples,Equity,0.14,494368103,US4943681035,2491839
WM,WASTE MANAGEMENT INC,Industrials,Equity,0.14,94106L109,US94106L1098,2937667
COF,CAPITAL ONE FINANCIAL CORP,Financials,Equity,0.14,14040H105,US14040H1059,2654461
ROP,ROPER TECHNOLOGIES INC,Industrials,Equity,0.14,776696106,US7766961061,2749602
CTSH,COGNIZANT TECHNOLOGY SOLUTIONS CORP CLASS A,Information Technology,Equity,0.14,192446102,US1924461023,2257019
ROST,ROSS STORES INC,Consumer Discretionary,Equity,0.14,778296103,US7782961038,2746711
HCA,HCA HEALTHCARE INC,Health Care,Equity,0.14,40412C101,US40412C1018,B4MGBG6
TWTR,TWITTER INC,Communication,Equity,0.14,90184L102,US90184L1026,BFLR866
IDXX,IDEXX LABORATORIES INC,Health Care,Equity,0.13,45168D104,US45168D1046,2459202
COP,CONOCOPHILLIPS,Energy,Equity,0.13,20825C104,US20825C1045,2685717
EA,ELECTRONIC ARTS INC,Communication,Equity,0.13,285512109,US2855121099,2310194
AEP,AMERICAN ELECTRIC POWER INC,Utilities,Equity,0.13,25537101,US0255371017,2026242
EXC,EXELON CORP,Utilities,Equity,0.13,30161N101,US30161N1019,2670519
DOW,DOW INC,Materials,Equity,0.13,260557103,US2605571031,BHXCF84
BAX,BAXTER INTERNATIONAL INC,Health Care,Equity,0.13,71813109,US0718131099,2085102
TEL,TE CONNECTIVITY LTD,Information Technology,Equity,0.13,-,CH0102993182,B62B7C3
KLAC,KLA CORP,Information Technology,Equity,0.13,482480100,US4824801009,2480138
LHX,L3HARRIS TECHNOLOGIES INC,Industrials,Equity,0.13,502431109,US5024311095,BK9DTN5
SNPS,SYNOPSYS INC,Information Technology,Equity,0.12,871607107,US8716071076,2867719
APH,AMPHENOL CORP CLASS A,Information Technology,Equity,0.12,32095101,US0320951017,2145084
DLR,DIGITAL REALTY TRUST REIT INC,Real Estate,Equity,0.12,253868103,US2538681030,B03GQS4
CMG,CHIPOTLE MEXICAN GRILL INC,Consumer Discretionary,Equity,0.12,169656105,US1696561059,B0X7DZ3
ALGN,ALIGN TECHNOLOGY INC,Health Care,Equity,0.12,16255101,US0162551016,2679204
CDNS,CADENCE DESIGN SYSTEMS INC,Information Technology,Equity,0.12,127387108,US1273871087,2302232
SYY,SYSCO CORP,Consumer Staples,Equity,0.12,871829107,US8718291078,2868165
FCX,FREEPORT MCMORAN INC CLASS B,Materials,Equity,0.12,35671D857,US35671D8570,2352118
BIIB,BIOGEN INC,Health Care,Equity,0.12,09062X103,US09062X1037,2455965
STZ,CONSTELLATION BRANDS INC CLASS A,Consumer Staples,Equity,0.12,21036P108,US21036P1084,2170473
MSCI,MSCI INC,Financials,Equity,0.12,55354G100,US55354G1004,B2972D2
SRE,SEMPRA ENERGY,Utilities,Equity,0.12,816851109,US8168511090,2138158
A,AGILENT TECHNOLOGIES INC,Health Care,Equity,0.11,00846U101,US00846U1016,2520153
MCHP,MICROCHIP TECHNOLOGY INC,Information Technology,Equity,0.11,595017104,US5950171042,2592174
GIS,GENERAL MILLS INC,Consumer Staples,Equity,0.11,370334104,US3703341046,2367026
MET,METLIFE INC,Financials,Equity,0.11,59156R108,US59156R1086,2573209
TRV,TRAVELERS COMPANIES INC,Financials,Equity,0.11,8.9417E+113,US89417E1091,2769503
DXCM,DEXCOM INC,Health Care,Equity,0.11,252131107,US2521311074,B0796X4
PSA,PUBLIC STORAGE REIT,Real Estate,Equity,0.11,74460D109,US74460D1090,2852533
APTV,APTIV PLC,Consumer Discretionary,Equity,0.11,G6095L109,JE00B783TY65,B783TY6
XEL,XCEL ENERGY INC,Utilities,Equity,0.11,98389B100,US98389B1008,2614807
PH,PARKER-HANNIFIN CORP,Industrials,Equity,0.11,701094104,US7010941042,2671501
MAR,MARRIOTT INTERNATIONAL INC CLASS A,Consumer Discretionary,Equity,0.11,571903202,US5719032022,2210614
CNC,CENTENE CORP,Health Care,Equity,0.11,15135B101,US15135B1017,2807061
TT,TRANE TECHNOLOGIES PLC,Industrials,Equity,0.11,-,IE00BK9ZQ967,BK9ZQ96
XLNX,XILINX INC,Information Technology,Equity,0.11,983919101,US9839191015,2985677
BK,BANK OF NEW YORK MELLON CORP,Financials,Equity,0.11,64058100,US0640581007,B1Z77F6
GD,GENERAL DYNAMICS CORP,Industrials,Equity,0.11,369550108,US3695501086,2365161
F,FORD MOTOR CO,Consumer Discretionary,Equity,0.11,345370860,US3453708600,2615468
TROW,T ROWE PRICE GROUP INC,Financials,Equity,0.11,74144T108,US74144T1088,2702337
IQV,IQVIA HOLDINGS INC,Health Care,Equity,0.11,46266C105,US46266C1053,BDR73G1
ALXN,ALEXION PHARMACEUTICALS INC,Health Care,Equity,0.11,15351109,US0153511094,2036070
MNST,MONSTER BEVERAGE CORP,Consumer Staples,Equity,0.11,61174X109,US61174X1090,BZ07BW4
PPG,PPG INDUSTRIES INC,Materials,Equity,0.11,693506107,US6935061076,2698470
VRSK,VERISK ANALYTICS INC,Industrials,Equity,0.11,92345Y106,US92345Y1064,B4P9W92
JCI,JOHNSON CONTROLS INTERNATIONAL PLC,Industrials,Equity,0.11,-,IE00BY7QL619,BY7QL61
HPQ,HP INC,Information Technology,Equity,0.11,40434L105,US40434L1052,BYX4D52
TDG,TRANSDIGM GROUP INC,Industrials,Equity,0.11,893641100,US8936411003,B11FJK3
CMI,CUMMINS INC,Industrials,Equity,0.11,231021106,US2310211063,2240202
ALL,ALLSTATE CORP,Financials,Equity,0.11,20002101,US0200021014,2019952
INFO,IHS MARKIT LTD,Industrials,Equity,0.11,-,BMG475671050,BD0Q558
EBAY,EBAY INC,Consumer Discretionary,Equity,0.1,278642103,US2786421030,2293819
YUM,YUM BRANDS INC,Consumer Discretionary,Equity,0.1,988498101,US9884981013,2098876
ORLY,OREILLY AUTOMOTIVE INC,Consumer Discretionary,Equity,0.1,67103H107,US67103H1077,B65LWX6
AIG,AMERICAN INTERNATIONAL GROUP INC,Financials,Equity,0.1,26874784,US0268747849,2027342
ZBH,ZIMMER BIOMET HOLDINGS INC,Health Care,Equity,0.1,98956P102,US98956P1021,2783815
ANSS,ANSYS INC,Information Technology,Equity,0.1,03662Q105,US03662Q1058,2045623
SBAC,SBA COMMUNICATIONS REIT CORP CLASS A,Real Estate,Equity,0.1,78410G104,US78410G1040,BZ6TS23
PRU,PRUDENTIAL FINANCIAL INC,Financials,Equity,0.1,744320102,US7443201022,2819118
CTAS,CINTAS CORP,Industrials,Equity,0.1,172908105,US1729081059,2197137
HLT,HILTON WORLDWIDE HOLDINGS INC,Consumer Discretionary,Equity,0.1,43300A203,US43300A2033,BYVMW06
CARR,CARRIER GLOBAL CORP,Industrials,Equity,0.1,14448C104,US14448C1045,BK4N0D7
RMD,RESMED INC,Health Care,Equity,0.1,761152107,US7611521078,2732903
PSX,PHILLIPS,Energy,Equity,0.1,718546104,US7185461040,B78C4Y8
BLL,BALL CORP,Materials,Equity,0.1,58498106,US0584981064,2073022
SLB,SCHLUMBERGER NV,Energy,Equity,0.1,806857108,AN8068571086,2779201
PCAR,PACCAR INC,Industrials,Equity,0.09,693718108,US6937181088,2665861
PAYX,PAYCHEX INC,Information Technology,Equity,0.09,704326107,US7043261079,2674458
ES,EVERSOURCE ENERGY,Utilities,Equity,0.09,30040W108,US30040W1080,BVVN4Q8
PEG,PUBLIC SERVICE ENTERPRISE GROUP IN,Utilities,Equity,0.09,744573106,US7445731067,2707677
EOG,EOG RESOURCES INC,Energy,Equity,0.09,26875P101,US26875P1012,2318024
ROK,ROCKWELL AUTOMATION INC,Industrials,Equity,0.09,773903109,US7739031091,2754060
AFL,AFLAC INC,Financials,Equity,0.09,1055102,US0010551028,2026361
WEC,WEC ENERGY GROUP INC,Utilities,Equity,0.09,92939U106,US92939U1060,BYY8XK8
CTVA,CORTEVA INC,Materials,Equity,0.09,22052L104,US22052L1044,BK73B42
MSI,MOTOROLA SOLUTIONS INC,Information Technology,Equity,0.09,620076307,US6200763075,B5BKPQ4
WBA,WALGREEN BOOTS ALLIANCE INC,Consumer Staples,Equity,0.09,931427108,US9314271084,BTN1Y44
SWK,STANLEY BLACK & DECKER INC,Industrials,Equity,0.09,854502101,US8545021011,B3Q2FJ4
FAST,FASTENAL,Industrials,Equity,0.09,311900104,US3119001044,2332262
ADM,ARCHER DANIELS MIDLAND,Consumer Staples,Equity,0.09,39483102,US0394831020,2047317
MCK,MCKESSON CORP,Health Care,Equity,0.09,58155Q103,US58155Q1031,2378534
SPG,SIMON PROPERTY GROUP REIT INC,Real Estate,Equity,0.09,828806109,US8288061091,2812452
AWK,AMERICAN WATER WORKS INC,Utilities,Equity,0.09,30420103,US0304201033,B2R3PV1
AME,AMETEK INC,Industrials,Equity,0.09,31100100,US0311001004,2089212
DFS,DISCOVER FINANCIAL SERVICES,Financials,Equity,0.09,254709108,US2547091080,B1YLC43
LUV,SOUTHWEST AIRLINES,Industrials,Equity,0.09,844741108,US8447411088,2831543
GLW,CORNING INC,Information Technology,Equity,0.09,219350105,US2193501051,2224701
OTIS,OTIS WORLDWIDE CORP,Industrials,Equity,0.09,68902V107,US68902V1070,BK531S8
AZO,AUTOZONE INC,Consumer Discretionary,Equity,0.09,53332102,US0533321024,2065955
VFC,VF CORP,Consumer Discretionary,Equity,0.09,918204108,US9182041080,2928683
MTD,METTLER TOLEDO INC,Health Care,Equity,0.09,592688105,US5926881054,2126249
WLTW,WILLIS TOWERS WATSON PLC,Financials,Equity,0.09,-,IE00BDB6Q211,BDB6Q21
HCN,WELLTOWER INC,Real Estate,Equity,0.08,95040Q104,US95040Q1040,BYVYHH4
MPC,MARATHON PETROLEUM CORP,Energy,Equity,0.08,56585A102,US56585A1025,B3K3L40
KMI,KINDER MORGAN INC CLASS P,Energy,Equity,0.08,49456B101,US49456B1017,B3NQ4P8
CPRT,COPART INC,Industrials,Equity,0.08,217204106,US2172041061,2208073
DAL,DELTA AIR LINES INC,Industrials,Equity,0.08,247361702,US2473617023,B1W9D46
STT,STATE STREET CORP,Financials,Equity,0.08,857477103,US8574771031,2842040
CLX,CLOROX,Consumer Staples,Equity,0.08,189054109,US1890541097,2204026
DLTR,DOLLAR TREE INC,Consumer Discretionary,Equity,0.08,256746108,US2567461080,2272476
FRC,FIRST REPUBLIC BANK,Financials,Equity,0.08,33616C100,US33616C1009,B4WHY15
SWKS,SKYWORKS SOLUTIONS INC,Information Technology,Equity,0.08,83088M102,US83088M1027,2961053
WY,WEYERHAEUSER REIT,Real Estate,Equity,0.08,962166104,US9621661043,2958936
ED,CONSOLIDATED EDISON INC,Utilities,Equity,0.08,209115104,US2091151041,2216850
KR,KROGER,Consumer Staples,Equity,0.08,501044101,US5010441013,2497406
KEYS,KEYSIGHT TECHNOLOGIES INC,Information Technology,Equity,0.08,49338L103,US49338L1035,BQZJ0Q9
WMB,WILLIAMS INC,Energy,Equity,0.08,969457100,US9694571004,2967181
CERN,CERNER CORP,Health Care,Equity,0.08,156782104,US1567821046,2185284
FTV,FORTIVE CORP,Industrials,Equity,0.08,34959J108,US34959J1088,BYT3MK1
EIX,EDISON INTERNATIONAL,Utilities,Equity,0.07,281020107,US2810201077,2829515
MKC,MCCORMICK & CO NON-VOTING INC,Consumer Staples,Equity,0.07,579780206,US5797802064,2550161
MXIM,MAXIM INTEGRATED PRODUCTS INC,Information Technology,Equity,0.07,57772K101,US57772K1016,2573760
AJG,ARTHUR J GALLAGHER,Financials,Equity,0.07,363576109,US3635761097,2359506
TTWO,TAKE TWO INTERACTIVE SOFTWARE INC,Communication,Equity,0.07,874054109,US8740541094,2122117
LYB,LYONDELLBASELL INDUSTRIES NV CLASS A,Materials,Equity,0.07,-,NL0009434992,B3SPXZ3
DTE,DTE ENERGY,Utilities,Equity,0.07,233331107,US2333311072,2280220
EFX,EQUIFAX INC,Industrials,Equity,0.07,294429105,US2944291051,2319146
USD,USD CASH,Cash and/or Derivatives,Cash,0.07,-,-,-
BBY,BEST BUY INC,Consumer Discretionary,Equity,0.07,86516101,US0865161014,2094670
VLO,VALERO ENERGY CORP,Energy,Equity,0.07,91913Y100,US91913Y1001,2041364
AMP,AMERIPRISE FINANCE INC,Financials,Equity,0.07,03076C106,US03076C1062,B0J7D57
DHI,D R HORTON INC,Consumer Discretionary,Equity,0.07,23331A109,US23331A1097,2250687
FLT,FLEETCOR TECHNOLOGIES INC,Information Technology,Equity,0.07,339041105,US3390411052,B4R28B3
ETSY,ETSY INC,Consumer Discretionary,Equity,0.07,29786A106,US29786A1060,BWTN5N1
VTRS,VIATRIS INC,Health Care,Equity,0.07,92556V106,US92556V1061,BMWS3X9
AVB,AVALONBAY COMMUNITIES REIT INC,Real Estate,Equity,0.07,53484101,US0534841012,2131179
HSY,HERSHEY FOODS,Consumer Staples,Equity,0.07,427866108,US4278661081,2422806
KHC,KRAFT HEINZ,Consumer Staples,Equity,0.07,500754106,US5007541064,BYRY499
PAYC,PAYCOM SOFTWARE INC,Information Technology,Equity,0.07,70432V102,US70432V1026,BL95MY0
ARE,ALEXANDRIA REAL ESTATE EQUITIES RE,Real Estate,Equity,0.07,15271109,US0152711091,2009210
O,REALTY INCOME REIT CORP,Real Estate,Equity,0.07,756109104,US7561091049,2724193
CHD,CHURCH AND DWIGHT INC,Consumer Staples,Equity,0.07,171340102,US1713401024,2195841
VRSN,VERISIGN INC,Information Technology,Equity,0.07,9.2343E+106,US92343E1029,2142922
PPL,PPL CORP,Utilities,Equity,0.07,69351T106,US69351T1060,2680905
MKTX,MARKETAXESS HOLDINGS INC,Financials,Equity,0.07,57060D108,US57060D1081,B03Q9D0
VIAC,VIACOMCBS INC CLASS B,Communication,Equity,0.07,92556H206,US92556H2067,BKTNTR9
LEN,LENNAR CORP CLASS A,Consumer Discretionary,Equity,0.07,526057104,US5260571048,2511920
WST,WEST PHARMACEUTICAL SERVICES INC,Health Care,Equity,0.07,955306105,US9553061055,2950482
CBRE,CBRE GROUP INC CLASS A,Real Estate,Equity,0.07,12504L109,US12504L1098,B6WVMH3
ZBRA,ZEBRA TECHNOLOGIES CORP CLASS A,Information Technology,Equity,0.06,989207105,US9892071054,2989356
EQR,EQUITY RESIDENTIAL REIT,Real Estate,Equity,0.06,29476L107,US29476L1070,2319157
RSG,REPUBLIC SERVICES INC,Industrials,Equity,0.06,760759100,US7607591002,2262530
TER,TERADYNE INC,Information Technology,Equity,0.06,880770102,US8807701029,2884183
FTNT,FORTINET INC,Information Technology,Equity,0.06,3.4959E+113,US34959E1091,B5B2106
ETR,ENTERGY CORP,Utilities,Equity,0.06,29364G103,US29364G1031,2317087
SIVB,SVB FINANCIAL GROUP,Financials,Equity,0.06,78486Q101,US78486Q1013,2808053
LH,LABORATORY CORPORATION OF AMERICA,Health Care,Equity,0.06,50540R409,US50540R4092,2586122
VMC,VULCAN MATERIALS,Materials,Equity,0.06,929160109,US9291601097,2931205
FITB,FIFTH THIRD BANCORP,Financials,Equity,0.06,316773100,US3167731005,2336747
LVS,LAS VEGAS SANDS CORP,Consumer Discretionary,Equity,0.06,517834107,US5178341070,B02T2J7
IP,INTERNATIONAL PAPER,Materials,Equity,0.06,460146103,US4601461035,2465254
AEE,AMEREN CORP,Utilities,Equity,0.06,23608102,US0236081024,2050832
NTRS,NORTHERN TRUST CORP,Financials,Equity,0.06,665859104,US6658591044,2648668
KSU,KANSAS CITY SOUTHERN,Industrials,Equity,0.06,485170302,US4851703029,2607647
TFX,TELEFLEX INC,Health Care,Equity,0.06,879369106,US8793691069,2881407
QRVO,QORVO INC,Information Technology,Equity,0.06,74736K101,US74736K1016,BR9YYP4
TSN,TYSON FOODS INC CLASS A,Consumer Staples,Equity,0.06,902494103,US9024941034,2909730
HOLX,HOLOGIC INC,Health Care,Equity,0.06,436440101,US4364401012,2433530
ODFL,OLD DOMINION FREIGHT LINE INC,Industrials,Equity,0.06,679580100,US6795801009,2656423
SYF,SYNCHRONY FINANCIAL,Financials,Equity,0.06,87165B103,US87165B1035,BP96PS6
CDW,CDW CORP,Information Technology,Equity,0.06,12514G108,US12514G1085,BBM5MD6
PXD,PIONEER NATURAL RESOURCE,Energy,Equity,0.06,723787107,US7237871071,2690830
GWW,WW GRAINGER INC,Industrials,Equity,0.06,384802104,US3848021040,2380863
XYL,XYLEM INC,Industrials,Equity,0.06,98419M100,US98419M1009,B3P2CN8
AMCR,AMCOR PLC,Materials,Equity,0.06,-,JE00BJ1F3079,BJ1F307
DOV,DOVER CORP,Industrials,Equity,0.06,260003108,US2600031080,2278407
VTR,VENTAS REIT INC,Real Estate,Equity,0.06,92276F100,US92276F1003,2927925
EXPE,EXPEDIA GROUP INC,Consumer Discretionary,Equity,0.06,30212P303,US30212P3038,B748CK2
GRMN,GARMIN LTD,Consumer Discretionary,Equity,0.06,-,CH0114405324,B3Z5T14
MLM,MARTIN MARIETTA MATERIALS INC,Materials,Equity,0.06,573284106,US5732841060,2572079
HIG,HARTFORD FINANCIAL SERVICES GROUP,Financials,Equity,0.06,416515104,US4165151048,2476193
COO,COOPER INC,Health Care,Equity,0.06,216648402,US2166484020,2222631
BR,BROADRIDGE FINANCIAL SOLUTIONS INC,Information Technology,Equity,0.06,11133T103,US11133T1034,B1VP7R6
TYL,TYLER TECHNOLOGIES INC,Information Technology,Equity,0.06,902252105,US9022521051,2909644
CAG,CONAGRA BRANDS INC,Consumer Staples,Equity,0.06,205887102,US2058871029,2215460
CMS,CMS ENERGY CORP,Utilities,Equity,0.05,125896100,US1258961002,2219224
CTLT,CATALENT INC,Health Care,Equity,0.05,148806102,US1488061029,BP96PQ4
WDC,WESTERN DIGITAL CORP,Information Technology,Equity,0.05,958102105,US9581021055,2954699
AKAM,AKAMAI TECHNOLOGIES INC,Information Technology,Equity,0.05,00971T101,US00971T1016,2507457
OKE,ONEOK INC,Energy,Equity,0.05,682680103,US6826801036,2130109
HAL,HALLIBURTON,Energy,Equity,0.05,406216101,US4062161017,2405302
IR,INGERSOLL RAND INC,Industrials,Equity,0.05,45687V106,US45687V1061,BL5GZ82
URI,UNITED RENTALS INC,Industrials,Equity,0.05,911363109,US9113631090,2134781
FE,FIRSTENERGY CORP,Utilities,Equity,0.05,337932107,US3379321074,2100920
TSCO,TRACTOR SUPPLY,Consumer Discretionary,Equity,0.05,892356106,US8923561067,2900335
CCL,CARNIVAL CORP,Consumer Discretionary,Equity,0.05,143658300,PA1436583006,2523044
INCY,INCYTE CORP,Health Care,Equity,0.05,45337C102,US45337C1027,2471950
STE,STERIS,Health Care,Equity,0.05,G8473T100,IE00BFY8C754,BFY8C75
ULTA,ULTA BEAUTY INC,Consumer Discretionary,Equity,0.05,90384S303,US90384S3031,B28TS42
MTB,M&T BANK CORP,Financials,Equity,0.05,55261F104,US55261F1049,2340168
DGX,QUEST DIAGNOSTICS INC,Health Care,Equity,0.05,74834L100,US74834L1008,2702791
PEAK,HEALTHPEAK PROPERTIES INC,Real Estate,Equity,0.05,42250P103,US42250P1030,BJBLRK3
KEY,KEYCORP,Financials,Equity,0.05,493267108,US4932671088,2490911
CTXS,CITRIX SYSTEMS INC,Information Technology,Equity,0.05,177376100,US1773761002,2182553
EXPD,EXPEDITORS INTERNATIONAL OF WASHIN,Industrials,Equity,0.05,302130109,US3021301094,2325507
NUE,NUCOR CORP,Materials,Equity,0.05,670346105,US6703461052,2651086
VAR,VARIAN MEDICAL SYSTEMS INC,Health Care,Equity,0.05,92220P105,US92220P1057,2927516
ANET,ARISTA NETWORKS INC,Information Technology,Equity,0.05,40413106,US0404131064,BN33VM5
K,KELLOGG,Consumer Staples,Equity,0.05,487836108,US4878361082,2486813
PKI,PERKINELMER INC,Health Care,Equity,0.05,714046109,US7140461093,2305844
CAH,CARDINAL HEALTH INC,Health Care,Equity,0.05,14149Y108,US14149Y1082,2175672
ALB,ALBEMARLE CORP,Materials,Equity,0.05,12653101,US0126531013,2046853
AES,AES CORP,Utilities,Equity,0.05,00130H105,US00130H1059,2002479
RF,REGIONS FINANCIAL CORP,Financials,Equity,0.05,7591EP100,US7591EP1005,B01R311
ESS,ESSEX PROPERTY TRUST REIT INC,Real Estate,Equity,0.05,297178105,US2971781057,2316619
DRI,DARDEN RESTAURANTS INC,Consumer Discretionary,Equity,0.05,237194105,US2371941053,2289874
CE,CELANESE CORP,Materials,Equity,0.05,150870103,US1508701034,B05MZT4
KMX,CARMAX INC,Consumer Discretionary,Equity,0.05,143130102,US1431301027,2983563
HPE,HEWLETT PACKARD ENTERPRISE,Information Technology,Equity,0.05,42824C109,US42824C1099,BYVYWS0
WAT,WATER CORP,Health Care,Equity,0.05,941848103,US9418481035,2937689
CFG,CITIZENS FINANCIAL GROUP INC,Financials,Equity,0.05,174610105,US1746101054,BQRX1X3
DPZ,DOMINOS PIZZA INC,Consumer Discretionary,Equity,0.05,25754A201,US25754A2015,B01SD70
NDAQ,NASDAQ INC,Financials,Equity,0.05,631103108,US6311031081,2965107
IEX,IDEX CORP,Industrials,Equity,0.05,45167R104,US45167R1041,2456612
POOL,POOL CORP,Consumer Discretionary,Equity,0.05,73278L105,US73278L1052,2781585
FMC,FMC CORP,Materials,Equity,0.05,302491303,US3024913036,2328603
DRE,DUKE REALTY REIT CORP,Real Estate,Equity,0.05,264411505,US2644115055,2284084
EXR,EXTRA SPACE STORAGE REIT INC,Real Estate,Equity,0.05,30225T102,US30225T1025,B02HWR9
NTAP,NETAPP INC,Information Technology,Equity,0.05,64110D104,US64110D1046,2630643
ABMD,ABIOMED INC,Health Care,Equity,0.05,3654100,US0036541003,2003698
BF,BROWN FORMAN CORP CLASS B,Consumer Staples,Equity,0.05,115637209,US1156372096,2146838
OXY,OCCIDENTAL PETROLEUM CORP,Energy,Equity,0.05,674599105,US6745991058,2655408
MAA,MID AMERICA APARTMENT COMMUNITIES,Real Estate,Equity,0.05,59522J103,US59522J1034,2589132
GPC,GENUINE PARTS,Consumer Discretionary,Equity,0.05,372460105,US3724601055,2367480
TDY,TELEDYNE TECHNOLOGIES INC,Industrials,Equity,0.05,879360105,US8793601050,2503477
HES,HESS CORP,Energy,Equity,0.05,42809H107,US42809H1077,2023748
ABC,AMERISOURCEBERGEN CORP CLASS A,Health Care,Equity,0.05,3.073E+108,US03073E1055,2795393
BKR,BAKER HUGHES CLASS A,Energy,Equity,0.05,05722G100,US05722G1004,BDHLTQ5
NVR,NVR INC,Consumer Discretionary,Equity,0.04,62944T105,US62944T1051,2637785
MAS,MASCO CORP,Industrials,Equity,0.04,574599106,US5745991068,2570200
IT,GARTNER INC,Information Technology,Equity,0.04,366651107,US3666511072,2372763
TIF,TIFFANY,Consumer Discretionary,Equity,0.04,886547108,US8865471085,2892090
LDOS,LEIDOS HOLDINGS INC,Information Technology,Equity,0.04,525327102,US5253271028,BDV82B8
RCL,ROYAL CARIBBEAN GROUP LTD,Consumer Discretionary,Equity,0.04,V7780T103,LR0008862868,2754907
J,JACOBS ENGINEERING GROUP INC,Industrials,Equity,0.04,469814107,US4698141078,2469052
STX,SEAGATE TECHNOLOGY PLC,Information Technology,Equity,0.04,-,IE00B58JVZ52,B58JVZ5
OMC,OMNICOM GROUP INC,Communication,Equity,0.04,681919106,US6819191064,2279303
EMN,EASTMAN CHEMICAL,Materials,Equity,0.04,277432100,US2774321002,2298386
BXP,BOSTON PROPERTIES REIT INC,Real Estate,Equity,0.04,101121101,US1011211018,2019479
SJM,JM SMUCKER,Consumer Staples,Equity,0.04,832696405,US8326964058,2951452
CINF,CINCINNATI FINANCIAL CORP,Financials,Equity,0.04,172062101,US1720621010,2196888
HRL,HORMEL FOODS CORP,Consumer Staples,Equity,0.04,440452100,US4404521001,2437264
WAB,WESTINGHOUSE AIR BRAKE TECHNOLOGIE,Industrials,Equity,0.04,929740108,US9297401088,2955733
AVY,AVERY DENNISON CORP,Materials,Equity,0.04,53611109,US0536111091,2066408
LNT,ALLIANT ENERGY CORP,Utilities,Equity,0.04,18802108,US0188021085,2973821
PKG,PACKAGING CORP OF AMERICA,Materials,Equity,0.04,695156109,US6951561090,2504566
UAL,UNITED AIRLINES HOLDINGS INC,Industrials,Equity,0.04,910047109,US9100471096,B4QG225
HBAN,HUNTINGTON BANCSHARES INC,Financials,Equity,0.04,446150104,US4461501045,2445966
BIO,BIO RAD LABORATORIES INC CLASS A,Health Care,Equity,0.04,90572207,US0905722072,2098508
MGM,MGM RESORTS INTERNATIONAL,Consumer Discretionary,Equity,0.04,552953101,US5529531015,2547419
EVRG,EVERGY INC,Utilities,Equity,0.04,30034W106,US30034W1062,BFMXGR0
PFG,PRINCIPAL FINANCIAL GROUP INC,Financials,Equity,0.04,74251V102,US74251V1026,2803014
CHRW,CH ROBINSON WORLDWIDE INC,Industrials,Equity,0.04,12541W209,US12541W2098,2116228
JKHY,JACK HENRY AND ASSOCIATES INC,Information Technology,Equity,0.04,426281101,US4262811015,2469193
ATO,ATMOS ENERGY CORP,Utilities,Equity,0.04,49560105,US0495601058,2315359
HAS,HASBRO INC,Consumer Discretionary,Equity,0.04,418056107,US4180561072,2414580
NLOK,NORTONLIFELOCK INC,Information Technology,Equity,0.04,668771108,US6687711084,BJN4XN5
CNP,CENTERPOINT ENERGY INC,Utilities,Equity,0.04,15189T107,US15189T1079,2440637
FBHS,FORTUNE BRANDS HOME AND SECURITY I,Industrials,Equity,0.04,34964C106,US34964C1062,B3MC7D6
XRAY,DENTSPLY SIRONA INC,Health Care,Equity,0.04,24906P109,US24906P1093,BYNPPC6
RJF,RAYMOND JAMES INC,Financials,Equity,0.04,754730109,US7547301090,2718992
WRK,WESTROCK,Materials,Equity,0.04,96145D105,US96145D1054,BYR0914
IFF,INTERNATIONAL FLAVORS & FRAGRANCES,Materials,Equity,0.04,459506101,US4595061015,2464165
PHM,PULTEGROUP INC,Consumer Discretionary,Equity,0.04,745867101,US7458671010,2708841
CXO,CONCHO RESOURCES INC,Energy,Equity,0.04,20605P101,US20605P1012,B1YWRK7
TXT,TEXTRON INC,Industrials,Equity,0.04,883203101,US8832031012,2885937
LW,LAMB WESTON HOLDINGS INC,Consumer Staples,Equity,0.04,513272104,US5132721045,BDQZFJ3
JBHT,JB HUNT TRANSPORT SERVICES INC,Industrials,Equity,0.04,445658107,US4456581077,2445416
WHR,WHIRLPOOL CORP,Consumer Discretionary,Equity,0.04,963320106,US9633201069,2960384
UDR,UDR REIT INC,Real Estate,Equity,0.03,902653104,US9026531049,2727910
HWM,HOWMET AEROSPACE INC,Industrials,Equity,0.03,443201108,US4432011082,BKLJ8V2
FFIV,F5 NETWORKS INC,Information Technology,Equity,0.03,315616102,US3156161024,2427599
WYNN,WYNN RESORTS LTD,Consumer Discretionary,Equity,0.03,983134107,US9831341071,2963811
ALLE,ALLEGION PLC,Industrials,Equity,0.03,-,IE00BFRT3W74,BFRT3W7
AAP,ADVANCE AUTO PARTS INC,Consumer Discretionary,Equity,0.03,00751Y106,US00751Y1064,2822019
UHS,UNIVERSAL HEALTH SERVICES INC CLASS B,Health Care,Equity,0.03,913903100,US9139031002,2923785
L,LOEWS CORP,Financials,Equity,0.03,540424108,US5404241086,2523022
LYV,LIVE NATION ENTERTAINMENT INC,Communication,Equity,0.03,538034109,US5380341090,B0T7YX2
HST,HOST HOTELS & RESORTS REIT INC,Real Estate,Equity,0.03,44107P104,US44107P1049,2567503
CBOE,CBOE GLOBAL MARKETS INC,Financials,Equity,0.03,12503M108,US12503M1080,B5834C5
LUMN,LUMEN TECHNOLOGIES INC,Communication,Equity,0.03,156700106,US1567001060,2185046
FOXA,FOX CORP CLASS A,Communication,Equity,0.03,35137L105,US35137L1052,BJJMGL2
PWR,QUANTA SERVICES INC,Industrials,Equity,0.03,7.4762E+106,US74762E1029,2150204
LKQ,LKQ CORP,Consumer Discretionary,Equity,0.03,501889208,US5018892084,2971029
AAL,AMERICAN AIRLINES GROUP INC,Industrials,Equity,0.03,02376R102,US02376R1023,BCV7KT2
CPB,CAMPBELL SOUP,Consumer Staples,Equity,0.03,134429109,US1344291091,2162845
HSIC,HENRY SCHEIN INC,Health Care,Equity,0.03,806407102,US8064071025,2416962
NRG,NRG ENERGY INC,Utilities,Equity,0.03,629377508,US6293775085,2212922
IPG,INTERPUBLIC GROUP OF COMPANIES INC,Communication,Equity,0.03,460690100,US4606901001,2466321
BWA,BORGWARNER INC,Consumer Discretionary,Equity,0.03,99724106,US0997241064,2111955
SNA,SNAP ON INC,Industrials,Equity,0.03,833034101,US8330341012,2818740
WRB,WR BERKLEY CORP,Financials,Equity,0.03,84423102,US0844231029,2093644
LNC,LINCOLN NATIONAL CORP,Financials,Equity,0.03,534187109,US5341871094,2516378
RE,EVEREST RE GROUP LTD,Financials,Equity,0.03,G3223R108,BMG3223R1088,2556868
GL,GLOBE LIFE INC,Financials,Equity,0.03,3.7959E+106,US37959E1029,BK6YKG1
NI,NISOURCE INC,Utilities,Equity,0.03,65473P105,US65473P1057,2645409
WU,WESTERN UNION,Information Technology,Equity,0.03,959802109,US9598021098,B1F76F9
PNW,PINNACLE WEST CORP,Utilities,Equity,0.03,723484101,US7234841010,2048804
IRM,IRON MOUNTAIN INC,Real Estate,Equity,0.03,46284V101,US46284V1017,BVFTF03
MHK,MOHAWK INDUSTRIES INC,Consumer Discretionary,Equity,0.03,608190104,US6081901042,2598699
DVA,DAVITA INC,Health Care,Equity,0.03,23918K108,US23918K1088,2898087
PNR,PENTAIR,Industrials,Equity,0.03,-,IE00BLS09M33,BLS09M3
ROL,ROLLINS INC,Industrials,Equity,0.03,775711104,US7757111049,2747305
LB,L BRANDS INC,Consumer Discretionary,Equity,0.03,501797104,US5017971046,B9M2WX3
TAP,MOLSON COORS BREWING CLASS B,Consumer Staples,Equity,0.03,60871R209,US60871R2094,B067BM3
CF,CF INDUSTRIES HOLDINGS INC,Materials,Equity,0.03,125269100,US1252691001,B0G4K50
TPR,TAPESTRY INC,Consumer Discretionary,Equity,0.03,876030107,US8760301072,BF09HX3
AIZ,ASSURANT INC,Financials,Equity,0.03,04621X108,US04621X1081,2331430
IPGP,IPG PHOTONICS CORP,Information Technology,Equity,0.03,44980X109,US44980X1090,2698782
NWL,NEWELL BRANDS INC,Consumer Discretionary,Equity,0.03,651229106,US6512291062,2635701
MOS,MOSAIC,Materials,Equity,0.03,61945C103,US61945C1036,B3NPHP6
NCLH,NORWEGIAN CRUISE LINE HOLDINGS LTD,Consumer Discretionary,Equity,0.02,-,BMG667211046,B9CGTC3
DISH,DISH NETWORK CORP CLASS A,Communication,Equity,0.02,25470M109,US25470M1099,2303581
DISCK,DISCOVERY INC CLASS C,Communication,Equity,0.02,25470F302,US25470F3029,B3D7KG4
CMA,COMERICA INC,Financials,Equity,0.02,200340107,US2003401070,2212870
FANG,DIAMONDBACK ENERGY INC,Energy,Equity,0.02,25278X109,US25278X1090,B7Y8YR3
AOS,A O SMITH CORP,Industrials,Equity,0.02,831865209,US8318652091,2816023
JNPR,JUNIPER NETWORKS INC,Information Technology,Equity,0.02,48203R104,US48203R1041,2431846
SEE,SEALED AIR CORP,Materials,Equity,0.02,81211K100,US81211K1007,2232793
NLSN,NIELSEN HOLDINGS PLC,Industrials,Equity,0.02,-,GB00BWFY5505,BWFY550
RHI,ROBERT HALF,Industrials,Equity,0.02,770323103,US7703231032,2110703
REG,REGENCY CENTERS REIT CORP,Real Estate,Equity,0.02,758849103,US7588491032,2726177
BEN,FRANKLIN RESOURCES INC,Financials,Equity,0.02,354613101,US3546131018,2350684
ZION,ZIONS BANCORPORATION,Financials,Equity,0.02,989701107,US9897011071,2989828
NWSA,NEWS CORP CLASS A,Communication,Equity,0.02,65249B109,US65249B1098,BBGVT40
IVZ,INVESCO LTD,Financials,Equity,0.02,-,BMG491BT1088,B28XP76
HII,HUNTINGTON INGALLS INDUSTRIES INC,Industrials,Equity,0.02,446413106,US4464131063,B40SSC9
ALK,ALASKA AIR GROUP INC,Industrials,Equity,0.02,11659109,US0116591092,2012605
KIM,KIMCO REALTY REIT CORP,Real Estate,Equity,0.02,49446R109,US49446R1095,2491594
PVH,PVH CORP,Consumer Discretionary,Equity,0.02,693656100,US6936561009,B3V9F12
COG,CABOT OIL & GAS CORP,Energy,Equity,0.02,127097103,US1270971039,2162340
DXC,DXC TECHNOLOGY,Information Technology,Equity,0.02,23355L106,US23355L1061,BYXD7B3
DVN,DEVON ENERGY CORP,Energy,Equity,0.02,25179M103,US25179M1036,2480677
FRT,FEDERAL REALTY INVESTMENT TRUST RE,Real Estate,Equity,0.02,313747206,US3137472060,2333931
PRGO,PERRIGO PLC,Health Care,Equity,0.02,-,IE00BGH1M568,BGH1M56
LEG,LEGGETT & PLATT INC,Consumer Discretionary,Equity,0.02,524660107,US5246601075,2510682
FLIR,FLIR SYSTEMS INC,Information Technology,Equity,0.02,302445101,US3024451011,2344717
VNO,VORNADO REALTY TRUST REIT,Real Estate,Equity,0.02,929042109,US9290421091,2933632
NOV,NOV INC,Energy,Equity,0.02,637071101,US6370711011,2624486
HBI,HANESBRANDS INC,Consumer Discretionary,Equity,0.02,410345102,US4103451021,B1BJSL9
PBCT,PEOPLES UNITED FINANCIAL INC,Financials,Equity,0.02,712704105,US7127041058,B1W41J2
APA,APACHE CORP,Energy,Equity,0.02,37411105,US0374111054,2043962
MRO,MARATHON OIL CORP,Energy,Equity,0.02,565849106,US5658491064,2910970
DISCA,DISCOVERY INC CLASS A,Communication,Equity,0.02,25470F104,US25470F1049,B3D7K31
UNM,UNUM,Financials,Equity,0.02,91529Y106,US91529Y1064,2433842
RL,RALPH LAUREN CORP CLASS A,Consumer Discretionary,Equity,0.02,751212101,US7512121010,B4V9661
VNT,VONTIER CORP,Information Technology,Equity,0.01,928881101,US9288811014,BH4GV32
FLS,FLOWSERVE CORP,Industrials,Equity,0.01,34354P105,US34354P1057,2288406
SLG,SL GREEN REALTY REIT CORP,Real Estate,Equity,0.01,78440X101,US78440X1019,2096847
GPS,GAP INC,Consumer Discretionary,Equity,0.01,364760108,US3647601083,2360326
FOX,FOX CORP CLASS B,Communication,Equity,0.01,35137L204,US35137L2043,BJJMGY5
FTI,TECHNIPFMC PLC,Energy,Equity,0.01,-,GB00BDSFG982,BDSFG98
HFC,HOLLYFRONTIER CORP,Energy,Equity,0.01,436106108,US4361061082,B5VX1H6
XRX,XEROX HOLDINGS CORP,Information Technology,Equity,0.01,98421M106,US98421M1062,BJJD5G3
UAA,UNDER ARMOUR INC CLASS A,Consumer Discretionary,Equity,0.01,904311107,US9043111072,B0PZN11
UA,UNDER ARMOUR INC CLASS C,Consumer Discretionary,Equity,0.01,904311206,US9043112062,BDF9YM2
NWS,NEWS CORP CLASS B,Communication,Equity,0.01,65249B208,US65249B2088,BBGVT51
